year,mo,tot,out,exp,x2,wyear
1955,10,251.5586421,168.6825404,33.47690653,81.93414291,1956
1955,11,323.9494419,302.3163152,11.40602572,79.6822165,1956
1955,12,3372.915483,3540.215978,5.062321373,68.29130883,1956
1956,1,5219.710059,5332.387358,1.097049435,48.07456552,1956
1956,2,2785.028238,2779.143217,5.476868665,47.72109541,1956
1956,3,1843.183722,1799.311792,12.84580034,51.79948957,1956
1956,4,1161.886457,1138.831825,19.93694763,58.24070131,1956
1956,5,1741.653212,1689.592234,11.97711257,57.66195473,1956
1956,6,1144.653769,1005.179142,33.38084239,58.50734339,1956
1956,7,464.2391676,249.0366159,91.97859769,71.13633713,1956
1956,8,391.3917967,199.0601224,85.13870912,79.0728462,1956
1956,9,451.1449402,341.377517,46.95593854,77.67700322,1956
1956,10,420.2055581,360.5739334,20.65942304,74.58899676,1957
1956,11,496.4613334,458.4695645,3.114853101,71.96274196,1957
1956,12,447.0864663,394.3212202,2.913894836,72.21630589,1957
1957,1,410.2270668,445.1024602,2.256213243,72.42842162,1957
1957,2,678.3846658,693.4684431,29.79539028,72.62039732,1957
1957,3,1826.565387,1801.575313,50.90272841,60.51277379,1957
1957,4,635.7924881,579.9242942,66.62387614,65.02999611,1957
1957,5,1015.48961,926.8697557,61.90610684,67.34644336,1957
1957,6,633.0438663,441.1972321,92.78014713,67.29938747,1957
1957,7,293.6493506,68.73046682,101.6949298,85.99325563,1957
1957,8,302.0092144,105.0006932,89.815556,89.97023278,1957
1957,9,384.3454997,255.214073,56.24952752,83.19306628,1957
1957,10,588.7711773,552.3675876,31.30564383,73.80547315,1958
1957,11,608.291167,558.7555637,14.01211948,69.78591628,1958
1957,12,749.4272619,759.6231535,3.971666065,68.14845502,1958
1958,1,1191.614,1259.594527,1.556513104,62.86415504,1958
1958,2,5052.328136,5216.5618,2.533346434,51.6304147,1958
1958,3,3070.158156,3159.516988,8.168040007,47.46070972,1958
1958,4,4265.444912,4354.627876,4.295665594,45.69756898,1958
1958,5,2297.968717,2233.037274,16.97549267,50.51574622,1958
1958,6,1556.151348,1430.82665,21.86438098,54.08995281,1958
1958,7,546.265764,340.0579215,82.98388845,66.40403724,1958
1958,8,458.0788834,261.2064657,89.67945245,76.03095831,1958
1958,9,531.9036422,407.5511553,53.34327519,74.21326018,1958
1958,10,454.0460164,369.5741233,35.07269784,73.55420676,1959
1958,11,480.6803549,416.9070413,15.66299162,72.60637546,1959
1958,12,450.1255033,408.8148783,4.489590319,72.2632378,1959
1959,1,872.178964,931.3337695,8.57726411,68.03231181,1959
1959,2,1576.86202,1663.308295,17.84568111,62.2150717,1959
1959,3,869.8304926,783.2275285,57.27584574,60.93156374,1959
1959,4,430.2980779,329.6194185,78.05916259,70.65314437,1959
1959,5,351.0786554,206.8088904,75.35021474,77.41138086,1959
1959,6,244.4602786,37.44714153,100.9193527,91.58193795,1959
1959,7,309.149627,72.51761666,113.4080563,97.58277093,1959
1959,8,351.2604313,147.0795269,97.27110762,88.08231362,1959
1959,9,334.0179686,281.046588,54.85445089,82.99232571,1959
1959,10,250.1976066,160.9282917,36.47209812,81.55355824,1960
1959,11,238.5901963,170.3635867,19.23846542,82.41273045,1960
1959,12,238.72563,196.4577129,7.311227043,82.46440347,1960
1960,1,359.3407804,402.9697331,7.212574804,77.54541371,1960
1960,2,1349.983192,1396.477501,17.84351898,65.66431914,1960
1960,3,1022.271038,942.1919099,64.57519797,64.16846266,1960
1960,4,578.5235542,477.9289013,73.75594584,67.45792498,1960
1960,5,483.4462105,351.3353339,76.10472168,72.65631922,1960
1960,6,323.3349664,108.9405713,108.3006106,81.49165481,1960
1960,7,302.7491062,63.5557915,115.9693607,91.5261147,1960
1960,8,285.2045363,77.3287402,100.6828309,93.71812616,1960
1960,9,287.3282084,155.7454867,57.06222101,87.16804908,1960
1960,10,239.2727846,141.9450433,44.53052453,85.35854,1961
1960,11,365.3128033,383.4969382,16.83908464,79.34437813,1961
1960,12,573.2462379,540.5685972,1.524542471,71.52798788,1961
1961,1,412.7746695,441.167332,8.686877709,72.40335879,1961
1961,2,1188.20319,1189.230687,23.03373189,64.81975106,1961
1961,3,839.6164176,804.9109253,58.24044541,64.57327724,1961
1961,4,492.7716483,379.3702297,82.12074226,68.25966057,1961
1961,5,387.1196067,242.9539746,80.34311417,76.71110507,1961
1961,6,317.061841,100.278448,113.0304679,84.66137875,1961
1961,7,302.4248327,47.35216126,131.8487174,96.69314775,1961
1961,8,329.4856899,113.4610362,111.0970362,92.10045337,1961
1961,9,285.4743989,160.016611,61.30030902,85.87678778,1961
1961,10,213.1838346,120.6206311,40.78539324,85.99627991,1962
1961,11,251.9557478,233.6507944,19.37438629,83.56185305,1962
1961,12,474.9465893,457.0275063,7.160508345,74.97471531,1962
1962,1,323.8186668,315.2340951,11.43909249,76.16006973,1962
1962,2,1953.397194,2117.141381,7.287542676,67.54403366,1962
1962,3,1374.378234,1345.142461,25.6294863,58.17185068,1962
1962,4,899.2571462,775.4530622,78.17903724,62.3837913,1962
1962,5,657.2239563,514.6084432,83.89185443,66.91699213,1962
1962,6,505.8040049,292.1486796,107.5615409,72.61377119,1962
1962,7,322.1105216,79.14649905,119.7400685,84.96018547,1962
1962,8,354.3853323,142.3670556,105.3916484,87.48324709,1962
1962,9,375.6767691,241.1226663,60.61881692,81.44494242,1962
1962,10,1257.105385,1214.792709,40.5086189,73.98521527,1963
1962,11,527.9694883,463.0068672,22.76674448,69.49045557,1963
1962,12,997.9359056,991.4495209,1.621367816,66.41136437,1963
1963,1,626.1201842,594.5021416,14.3602949,65.94996275,1963
1963,2,2743.714308,2921.5259,23.08429769,58.18991221,1963
1963,3,841.0943742,826.2782695,51.60882268,62.15594228,1963
1963,4,2882.349138,2910.296922,34.84765504,55.94980737,1963
1963,5,1625.188764,1504.290445,78.54910493,54.72872439,1963
1963,6,744.5707096,543.1123939,100.3388573,62.71026593,1963
1963,7,401.7785987,159.6768698,118.8777748,76.46657872,1963
1963,8,359.2987619,142.6566182,109.4491784,84.53932832,1963
1963,9,508.0042239,381.6988184,60.86045401,78.65409131,1963
1963,10,484.9223403,424.1370325,58.92461695,73.22235143,1964
1963,11,752.9194598,791.3133279,15.41946674,69.45113941,1964
1963,12,705.2959135,646.329278,4.636655231,66.03817728,1964
1964,1,835.2391812,848.658626,16.34521448,66.75950964,1964
1964,2,658.6351999,592.2331716,44.97691646,65.63940245,1964
1964,3,443.555995,370.1751712,61.50601721,71.12677583,1964
1964,4,391.0896286,260.1355409,86.7939658,74.82986633,1964
1964,5,428.9655115,277.0401501,92.35037047,77.74941243,1964
1964,6,340.8640382,150.1481901,107.4548808,81.09106051,1964
1964,7,342.6128318,90.18093466,130.7936865,89.23988786,1964
1964,8,359.1918886,133.1896571,120.1118413,88.29135301,1964
1964,9,404.7109756,267.3563367,68.92037238,80.85930206,1964
1964,10,319.0340332,229.8651975,64.24544373,80.0116568,1965
1964,11,472.0465484,488.2777648,21.13191855,74.37491452,1965
1964,12,3012.082131,3070.870644,1.725500735,68.53729184,1965
1965,1,3794.822792,3840.225658,6.34754082,50.51676021,1965
1965,2,1648.471279,1592.579892,44.1975406,52.58301733,1965
1965,3,846.4024128,788.8972919,62.79489044,60.77877283,1965
1965,4,1650.405859,1611.55609,34.08876355,60.89958761,1965
1965,5,1074.816143,916.6144901,90.41477701,59.88443287,1965
1965,6,669.1487893,458.4431354,104.6118694,66.5375373,1965
1965,7,412.775583,166.0728233,123.4788057,77.29188283,1965
1965,8,448.4502422,239.7724399,110.5507951,80.64758726,1965
1965,9,498.6540012,365.7583217,58.6677862,76.41322962,1965
1965,10,529.2911848,427.3322689,51.14387833,72.85056259,1966
1965,11,732.4916868,774.4751871,18.80332988,69.41698231,1966
1965,12,852.8349041,853.368357,1.626848496,64.75618067,1966
1966,1,1233.048854,1230.767064,3.268312139,61.095874,1966
1966,2,1001.674056,1031.786999,25.87148442,60.97124973,1966
1966,3,784.443326,688.9050267,70.35183463,64.80187822,1966
1966,4,667.2071975,536.493803,88.0115902,66.91715724,1966
1966,5,434.6553707,278.4888765,95.74199791,73.8478685,1966
1966,6,290.555385,69.66510544,115.38171,86.08827443,1966
1966,7,342.729753,89.32868893,130.17711,91.35321177,1966
1966,8,365.6079379,137.2106492,121.2043235,87.78738802,1966
1966,9,334.4153483,195.5164974,65.54877987,83.02369475,1966
1966,10,293.8676644,187.1661335,53.90431413,81.80901789,1967
1966,11,577.5532302,608.9481178,29.05214048,75.9356425,1967
1966,12,1673.046974,1711.910476,14.17577867,61.66406029,1967
1967,1,1688.62124,1770.423128,23.10106596,62.55043036,1967
1967,2,2395.97939,2382.641144,21.65530826,53.82922832,1967
1967,3,1601.820971,1594.950939,56.69398022,58.21757954,1967
1967,4,2173.519952,2199.790435,34.18315304,54.78840465,1967
1967,5,2230.5052,2111.031858,54.40488289,52.98747379,1967
1967,6,1894.820831,1734.826873,61.21535848,53.82379074,1967
1967,7,875.363239,675.7559621,76.38332291,60.99254474,1967
1967,8,506.9884712,278.265082,121.5304239,73.25866383,1967
1967,9,616.165138,468.8118207,74.58846112,72.72181204,1967
1967,10,572.8013894,473.4211334,51.68007152,68.4516129,1968
1967,11,524.1948527,458.7819937,32.05561398,70.46666667,1968
1967,12,597.1082049,580.4469379,19.1001696,70.29032258,1968
1968,1,705.6010047,686.8771751,33.07773035,69.70967742,1968
1968,2,1459.031368,1474.199433,51.77100671,61.51896552,1968
1968,3,1240.885313,1141.570825,127.0449014,59.64645161,1968
1968,4,475.0962728,281.2325353,152.3370823,72.46666667,1968
1968,5,414.6216587,190.7751612,158.8913057,80.01612903,1968
1968,6,343.2162242,103.8020076,133.3204322,84.48333333,1968
1968,7,373.8645823,104.3055603,146.3350679,88.91935484,1968
1968,8,394.1038198,149.0607927,137.8500619,87.19354839,1968
1968,9,403.1903609,170.0237845,158.6460757,82.55,1968
1968,10,373.0388265,154.4026288,176.9391847,84.59677419,1969
1968,11,436.7779163,314.8937145,142.7943051,80,1969
1968,12,766.6996247,727.2332484,106.6174938,71.99983871,1969
1969,1,3554.468487,3486.926414,162.7734539,57.69193548,1969
1969,2,4516.211352,4503.689238,133.2742488,46.30428571,1969
1969,3,2739.084895,2647.795037,96.35492062,51.82774194,1969
1969,4,2074.698878,1964.473666,90.96503727,55.26766667,1969
1969,5,1980.134039,1828.242475,92.59974141,55.33483871,1969
1969,6,1487.933234,1319.448942,70.611832,58.1,1969
1969,7,587.4722561,372.1582639,95.77122821,68.25806452,1969
1969,8,602.0490379,352.7639645,144.3583693,72.61290323,1969
1969,9,708.8867637,571.6586067,72.50622902,67.23333333,1969
1969,10,630.7385705,551.7190405,56.81820896,69.77419355,1970
1969,11,622.9979931,565.3222404,30.34999594,68.6,1970
1969,12,1305.424887,1307.952393,23.24995776,66.2616129,1970
1970,1,5348.90156,5468.589562,31.60160055,52.47806452,1970
1970,2,3193.020744,3152.408318,55.20571463,50.78642857,1970
1970,3,1647.197347,1585.340567,64.14039737,58.09741935,1970
1970,4,483.41765,312.2498649,131.7479033,72,1970
1970,5,486.4404886,304.7194107,113.5943994,76.19354839,1970
1970,6,419.7689306,175.9740979,141.5049447,81.46666667,1970
1970,7,420.095031,148.8470462,148.0249442,84.32258065,1970
1970,8,462.7228462,225.0458529,130.4840281,81.46774194,1970
1970,9,575.0453015,413.0455673,87.47923349,71.4,1970
1970,10,487.7384963,380.1089036,73.18169238,71.32258065,1971
1970,11,719.5055811,739.538806,57.50207603,68.73333333,1971
1970,12,2380.770829,2417.379031,54.21488599,54.46967742,1971
1971,1,1878.318534,1817.651974,52.86937906,56.49806452,1971
1971,2,1070.147224,968.3117539,89.32650319,60.23928571,1971
1971,3,1022.3907,907.5256958,133.6947931,64.02193548,1971
1971,4,1199.602609,1046.938939,125.7721048,59.23333333,1971
1971,5,920.990813,747.730078,128.8160745,64.03225806,1971
1971,6,869.1903188,600.8230707,163.3268504,65.5,1971
1971,7,637.5419212,330.0063545,184.3125261,70.38709677,1971
1971,8,664.7050844,367.7755468,189.7365724,72.22580645,1971
1971,9,741.6691767,556.6978729,110.6263676,66.23333333,1971
1971,10,546.7973899,395.2300996,107.949299,68.4516129,1972
1971,11,504.9752652,389.1470929,86.2785992,71.9,1972
1971,12,712.1677727,678.6753376,68.95882848,69.22580645,1972
1972,1,675.3366901,604.2467905,45.73170689,67.62258065,1972
1972,2,732.2355658,622.0664339,105.6442951,66.44827586,1972
1972,3,737.2446238,513.3076951,187.8137672,65.25806452,1972
1972,4,421.6180206,213.5665992,179.9809316,74.83333333,1972
1972,5,395.838455,145.5522441,183.9151768,83.24193548,1972
1972,6,412.6595143,81.86966622,151.4970159,89.01666667,1972
1972,7,440.7124355,175.8649714,143.678765,87.16129032,1972
1972,8,462.3510734,183.6913824,197.3410158,82.77419355,1972
1972,9,525.5616125,296.6491703,198.4992053,76.76666667,1972
1972,10,516.2581278,337.9679555,181.0971939,75,1973
1972,11,745.8808357,734.6381038,100.431359,67.26666667,1973
1972,12,873.9711463,768.3255598,97.72143682,65.98387097,1973
1973,1,2844.28198,2879.414965,83.87267205,55.67645161,1973
1973,2,2857.314417,2892.992632,33.34915449,53.60035714,1973
1973,3,2151.543217,2177.763704,36.29854326,54.50032258,1973
1973,4,767.8094015,628.3885767,94.90957397,64.43333333,1973
1973,5,583.4211202,331.2723915,184.0786838,74.22580645,1973
1973,6,518.5664075,204.2097693,208.2628539,76.3,1973
1973,7,471.2982834,130.228263,217.8460663,83.69354839,1973
1973,8,496.1686955,168.8560952,220.1196351,83.75806452,1973
1973,9,547.8186537,315.8310021,163.3192992,75.4,1973
1973,10,559.2796385,398.441778,167.8129392,73.12903226,1974
1973,11,1792.193972,1697.459019,138.8337222,62.61566667,1974
1973,12,2237.377973,2163.587925,94.52620041,55.72322581,1974
1974,1,3943.794067,3927.521928,55.9065892,52.27032258,1974
1974,2,1833.678624,1675.743436,154.4552498,56.30357143,1974
1974,3,2353.77848,2196.691232,177.6781631,54.75322581,1974
1974,4,3212.801072,3102.038784,118.9996591,53.12633333,1974
1974,5,994.1405347,723.3383119,201.8826726,64.16129032,1974
1974,6,837.3536884,479.781767,258.5054344,67.6,1974
1974,7,678.3821212,265.2064486,302.6988667,75.12903226,1974
1974,8,737.4282266,361.994343,268.2409184,71.97516129,1974
1974,9,811.7826322,594.1166976,143.145434,64.5,1974
1974,10,690.8780715,524.6938077,130.1040343,67.16129032,1975
1974,11,759.2256215,679.3570124,55.17631904,66.36666667,1975
1974,12,869.9300583,793.3731805,79.67995189,65.12903226,1975
1975,1,666.5858711,495.2397203,154.938822,69.77419355,1975
1975,2,1705.852334,1623.414915,190.1789742,60.61892857,1975
1975,3,2020.716647,1892.531764,172.1170998,56.71419355,1975
1975,4,1174.378906,977.476771,178.4914655,59.419,1975
1975,5,1042.400662,815.4064274,158.0746843,61.96774194,1975
1975,6,870.8629005,637.3602975,127.9940334,63.1,1975
1975,7,582.3405128,315.1409236,146.8073198,70.19354839,1975
1975,8,615.7772277,269.6713759,254.4917193,73.93548387,1975
1975,9,675.0386933,379.9913126,220.8194875,69.26666667,1975
1975,10,697.9189183,478.5811936,214.0780989,68.19354839,1976
1975,11,766.224602,507.4699794,226.8018932,68.23333333,1976
1975,12,840.2704454,565.0306987,221.4194697,67.25806452,1976
1976,1,527.119922,263.624359,234.9046827,74.67741935,1976
1976,2,427.0405014,211.5639472,221.3654818,82.37931034,1976
1976,3,470.5565647,220.5370802,238.4324137,78.75806452,1976
1976,4,402.0916673,247.1758642,145.5948412,79.15,1976
1976,5,339.4440853,111.4971259,159.0274092,85.20967742,1976
1976,6,333.6262522,106.8998706,121.5104195,87.75,1976
1976,7,362.5570261,118.5260979,120.8069742,88.35483871,1976
1976,8,410.0571657,124.4114347,196.8641966,85.96774194,1976
1976,9,394.6717096,101.4583166,238.3655494,87.83333333,1976
1976,10,266.3336418,102.2658339,130.7626293,89.12903226,1977
1976,11,256.5260868,103.170542,120.1738643,89.5,1977
1976,12,248.2519652,119.3007006,78.8185717,91.89516129,1977
1977,1,309.9543735,123.5354393,199.4766541,90.38709677,1977
1977,2,250.1176474,138.1366558,124.0561039,91.85714286,1977
1977,3,202.466365,85.1560646,109.7396545,91.37096774,1977
1977,4,175.5285795,84.30019553,39.68983577,91.88333333,1977
1977,5,227.3532192,110.7006004,87.10718666,91.98387097,1977
1977,6,198.4265253,67.48376437,24.84897658,93.91666667,1977
1977,7,238.1209283,86.34354526,28.55342905,93.0483871,1977
1977,8,221.6670137,67.46808354,47.00596497,92.87096774,1977
1977,9,199.0749811,76.94442274,54.65717686,93.38333333,1977
1977,10,134.4858379,57.93352733,22.4187213,94.5,1978
1977,11,202.506039,113.3646066,75.0726792,93.2,1978
1977,12,354.6885966,242.6717196,165.109137,91.62903226,1978
1978,1,2007.584024,1873.358519,279.173048,69.07580645,1978
1978,2,1803.906494,1590.233639,291.933539,60.58035714,1978
1978,3,2508.530046,2424.449108,165.4763426,54.51258065,1978
1978,4,1804.963926,1732.145268,95.63542914,56.86,1978
1978,5,1309.539964,1154.162687,89.85574765,62.0116129,1978
1978,6,579.1672905,253.3055175,219.7679886,72.235,1978
1978,7,464.7826684,109.1221645,232.4365498,83.22580645,1978
1978,8,513.6164401,164.6323179,241.791157,84.72580645,1978
1978,9,613.4476647,331.8158619,214.13388,76.16666667,1978
1978,10,470.6150253,271.8408117,146.0336305,74.56064516,1979
1978,11,464.7983797,309.4483849,157.8003459,77.17433333,1979
1978,12,462.5474644,248.6136901,171.3361029,78.98387097,1979
1979,1,871.9040165,864.2995731,116.2095972,73.66129032,1979
1979,2,1293.604561,1312.233,83.2181549,69.14285714,1979
1979,3,1178.732576,1078.498247,123.096985,64.65580645,1979
1979,4,612.1545287,410.1581929,166.5568587,67.66666667,1979
1979,5,624.0439199,380.4286099,176.8487535,70.76129032,1979
1979,6,436.4607676,150.525748,179.8412352,75.7,1979
1979,7,516.0599099,149.0717541,267.8426557,81.62903226,1979
1979,8,499.0259567,95.04777845,296.785213,84.66129032,1979
1979,9,480.0215163,140.7828651,264.7181505,86.31666667,1979
1979,10,454.0642853,220.8330369,219.5112796,83.43548387,1980
1979,11,514.7417455,344.6745418,165.8479936,78.6,1980
1979,12,688.5670514,538.8284813,169.1456578,74.77419355,1980
1980,1,3426.073511,3347.621231,180.3454273,60.00193548,1980
1980,2,3561.61775,3444.880086,175.1035664,61.26344828,1980
1980,3,2924.603171,2807.667384,123.4577964,56.45322581,1980
1980,4,981.8139679,810.6650607,153.0261256,65.86666667,1980
1980,5,781.1549181,589.0899702,134.1889677,67.29032258,1980
1980,6,695.9516283,418.8146528,171.043191,68.76666667,1980
1980,7,618.7733327,313.3322992,198.0745135,70.11354839,1980
1980,8,488.4701671,116.7129063,264.5642956,78.18290323,1980
1980,9,572.4609173,277.590045,220.3503717,77.33333333,1980
1980,10,449.677001,207.303065,190.8829479,75.90322581,1981
1980,11,416.6899455,188.6411671,182.8503721,78.12533333,1981
1980,12,563.9975905,353.5869799,191.5534178,74.69354839,1981
1981,1,659.3842576,518.9135173,234.034168,78.90322581,1981
1981,2,797.969742,599.5070789,205.0746467,67.82142857,1981
1981,3,828.2293915,749.92235,136.8900295,71.97419355,1981
1981,4,572.7657954,329.8251876,229.2069374,72.265,1981
1981,5,454.3511076,258.8881381,126.8037515,78.90322581,1981
1981,6,350.4143665,130.1385625,114.1820196,80.53333333,1981
1981,7,473.0301782,150.2418793,199.5186726,87.22580645,1981
1981,8,460.1012543,89.14691305,263.761376,87.14516129,1981
1981,9,399.9697916,132.972135,192.4771559,87.78333333,1981
1981,10,323.9757796,147.6376428,168.0476949,89.0483871,1982
1981,11,1114.713423,1019.423459,133.5809472,80.26066667,1982
1981,12,2592.741607,2443.386684,146.3076645,60.31806452,1982
1982,1,2778.212383,2765.820566,147.4787031,56.77419355,1982
1982,2,2841.167746,2620.870772,267.6619564,57.24535714,1982
1982,3,2445.147809,2267.850553,294.9966844,50.5183871,1982
1982,4,4229.289018,4026.439402,272.2230587,49.65866667,1982
1982,5,1877.512874,1636.203103,172.3902204,58.93096774,1982
1982,6,1013.105027,796.3546704,114.9852742,65.82,1982
1982,7,708.2262504,474.0477578,117.2381381,72.44967742,1982
1982,8,716.4025114,376.8762159,232.3333303,71.84193548,1982
1982,9,897.6128814,730.6265505,151.4441577,67.60533333,1982
1982,10,816.011129,650.5905067,149.938615,68.06096774,1983
1982,11,1211.069988,1108.670608,171.9616007,66.36133333,1983
1982,12,2704.901895,2517.594177,238.6671694,61.21967742,1983
1983,1,2742.787095,2541.763975,285.3735239,60.79290323,1983
1983,2,5183.286472,4976.86273,290.1354192,43.20214286,1983
1983,3,7549.87503,7549.927097,153.9349441,42.0983871,1983
1983,4,3449.064568,3344.212005,108.55735,47.39466667,1983
1983,5,2916.964017,2793.707179,94.08043844,56.12354839,1983
1983,6,2259.550307,2008.496923,144.9595999,57.00066667,1983
1983,7,1512.90242,1239.122361,150.5561049,60.00741935,1983
1983,8,1006.449228,693.3124068,205.9438564,64.95677419,1983
1983,9,1063.106914,890.3260129,120.7166039,66.29866667,1983
1983,10,1023.666784,914.1427034,70.96841113,64.70032258,1984
1983,11,2029.596749,2099.329815,49.67718748,61.67066667,1984
1983,12,4380.516568,4377.412676,60.6601656,48.54516129,1984
1984,1,2928.829689,2857.334219,48.7058892,51.20387097,1984
1984,2,1326.114044,1175.586571,163.3139939,60.53586207,1984
1984,3,1193.483826,988.6973061,196.2275243,62.98129032,1984
1984,4,673.3868773,414.4774559,220.2805235,69.3,1984
1984,5,554.0510698,314.1123826,171.0191369,73.61290323,1984
1984,6,508.2864484,224.4110075,177.7816566,77.66666667,1984
1984,7,681.3289001,286.776578,271.3283681,76.03225806,1984
1984,8,610.6655802,231.5925251,272.0892692,75.39741935,1984
1984,9,605.0536075,384.719282,157.4954678,71.8,1984
1984,10,511.307247,336.9512894,159.1982237,70.9683871,1985
1984,11,901.001464,734.8995626,226.4290547,70.61366667,1985
1984,12,1125.124218,879.7002838,239.6884028,64.90677419,1985
1985,1,605.446146,428.1571112,165.2361061,71.72258065,1985
1985,2,642.3049583,441.4576123,215.6176154,69.78571429,1985
1985,3,509.9407308,294.77289,244.617361,72.4516129,1985
1985,4,448.2802193,193.8599619,209.7834685,75.23333333,1985
1985,5,453.8532791,206.4489924,178.4847364,78.5483871,1985
1985,6,433.000449,144.7934744,187.7907179,81.23333333,1985
1985,7,530.9573115,136.9229136,270.8104439,86.09677419,1985
1985,8,459.344007,63.66997234,288.4810694,86.40322581,1985
1985,9,406.4005474,89.89466048,247.931924,88.63333333,1985
1985,10,340.1410451,95.30171662,218.4863925,89.20967742,1986
1985,11,359.0783776,195.0945764,207.5747545,87.56666667,1986
1985,12,540.605135,267.0324285,279.164827,80.05419355,1986
1986,1,660.243811,430.6663492,256.8493252,79.80645161,1986
1986,2,5884.808024,5816.679714,171.9965248,54.94035714,1986
1986,3,4774.115251,4798.218368,90.58924532,47.45935484,1986
1986,4,1417.896234,1317.839601,133.9131982,58.21866667,1986
1986,5,666.2908278,447.6929949,180.1143253,69.16129032,1986
1986,6,542.1090336,261.157779,177.7155839,73.672,1986
1986,7,574.9918344,206.5120202,246.3017566,79.58064516,1986
1986,8,534.3745154,143.1206491,284.0609011,80.22580645,1986
1986,9,651.884008,303.7246064,298.5246895,78.61666667,1986
1986,10,567.9811314,300.3969811,214.7869335,75.12903226,1987
1986,11,461.1030312,218.9364172,194.263005,79.6,1987
1986,12,492.8875951,254.4652294,205.5821315,82.74193548,1987
1987,1,452.6420489,306.3362112,177.0341832,78.96774194,1987
1987,2,570.5925449,477.3977582,193.8389266,74.57142857,1987
1987,3,745.3468956,648.9079379,158.5807338,67.90322581,1987
1987,4,429.4495164,175.9108569,201.060936,74.96666667,1987
1987,5,356.6488531,137.1960341,153.4672594,85.56451613,1987
1987,6,351.8566379,95.77229389,149.9905596,87.76666667,1987
1987,7,485.1461347,105.4473686,256.474812,87.5483871,1987
1987,8,465.4266483,78.49795192,279.7357311,88.06451613,1987
1987,9,382.0452278,49.19674499,258.3279822,89.95,1987
1987,10,312.1868371,106.5069668,168.0687042,90.25806452,1988
1987,11,277.9222959,121.5085317,154.6099812,91.48333333,1988
1987,12,487.093603,267.7102059,254.462489,86.80645161,1988
1988,1,815.2027287,554.7471162,295.0176937,74.64516129,1988
1988,2,389.7149921,86.0636841,283.9720763,81.32758621,1988
1988,3,393.0378276,126.8777407,240.7516547,88.66129032,1988
1988,4,548.489763,323.3057056,244.968094,81.31666667,1988
1988,5,367.8714587,131.9181393,179.7790904,82.90322581,1988
1988,6,355.0186858,87.2744083,169.5518371,88.23333333,1988
1988,7,459.8217396,105.6684227,229.2477075,89.9516129,1988
1988,8,426.217864,65.26667709,252.2820919,89.51612903,1988
1988,9,372.1211171,63.73933339,232.1953085,90.11666667,1988
1988,10,297.8603397,88.96148338,160.4724818,91.98387097,1989
1988,11,360.7150914,187.4377012,172.5118914,91.05,1989
1988,12,393.2177766,204.7572892,203.4245705,90.02419355,1989
1989,1,403.1259325,102.0484336,288.6893353,89.11290323,1989
1989,2,382.5980131,180.6200159,232.2446608,90.55357143,1989
1989,3,1339.194096,1102.32733,290.5682951,70.4216129,1989
1989,4,676.711275,330.9248251,298.4689997,69.8,1989
1989,5,456.9781801,208.939048,179.1077071,78.74193548,1989
1989,6,426.6603071,174.3109551,152.268178,80.88333333,1989
1989,7,572.6598051,174.5057628,272.8921888,83.43548387,1989
1989,8,556.8215535,126.5351982,323.3336266,80.98387097,1989
1989,9,509.1576634,182.5294478,306.1504162,83.75,1989
1989,10,447.476508,138.3972165,298.5572995,87.61290323,1990
1989,11,467.3242424,155.114021,293.9033801,89.21666667,1990
1989,12,479.8280483,124.5703744,295.7046056,88.90677419,1990
1990,1,576.4195516,279.9330356,300.7523118,83.61258065,1990
1990,2,438.1860052,192.2026174,298.9793771,84.32142857,1990
1990,3,428.6110942,107.975789,300.8792809,86.51612903,1990
1990,4,480.4415495,167.7140738,275.9146315,89.19666667,1990
1990,5,339.7985026,218.0442843,98.73627605,89.16129032,1990
1990,6,336.9969008,137.2357081,101.5791352,81.4,1990
1990,7,416.5892228,112.3000455,179.3205401,87.27419355,1990
1990,8,426.8399211,126.3177979,191.5598119,86.09677419,1990
1990,9,314.4680179,69.38099308,169.8406689,88.08333333,1990
1990,10,250.9740363,96.42160223,101.5798355,92.24193548,1991
1990,11,256.6988196,127.2823366,109.2511128,92.18333333,1991
1990,12,334.8841596,180.7592186,147.3992333,91.19354839,1991
1991,1,280.1760124,112.5010037,139.1270603,91.9516129,1991
1991,2,254.6594673,208.4534532,128.4856678,91.775,1991
1991,3,839.6483882,696.0107283,276.5541964,77.59032258,1991
1991,4,356.8564491,104.8119751,213.5581042,78.1,1991
1991,5,251.8646467,109.3605741,78.57559489,89.48419355,1991
1991,6,277.7825995,113.3306264,57.58797046,89.24033333,1991
1991,7,292.5815315,93.96899795,75.78044812,89.36774194,1991
1991,8,290.3216645,72.4244451,110.6412263,89.14516129,1991
1991,9,304.4268642,106.4977714,121.7813173,90.17233333,1991
1991,10,293.3734897,110.6932928,150.8739843,89.67741935,1992
1991,11,237.5009417,110.6999914,89.3387064,91.66666667,1992
1991,12,294.0640554,215.8456182,89.42186049,85.52862872,1992
1992,1,329.6099186,181.6068971,180.8925818,82.99172508,1992
1992,2,863.0740427,814.3593025,172.2972693,76.38457418,1992
1992,3,648.188142,376.1235358,295.5374449,71.79837359,1992
1992,4,320.0681462,177.2190952,88.00970241,79.78784932,1992
1992,5,215.4747588,92.15946012,52.29756146,86.92767525,1992
1992,6,262.2168291,97.01351566,59.10197785,88.54781486,1992
1992,7,254.8516173,84.46184514,45.97011646,90.99382042,1992
1992,8,266.835124,79.9795624,78.40204002,91.1321157,1992
1992,9,300.153852,95.31639267,129.0700735,90.6326581,1992
1992,10,218.3904806,123.1919834,53.53802202,89.16370056,1993
1992,11,215.0088706,116.8305886,69.14785104,87.70915457,1993
1992,12,391.8010208,328.5530608,115.1774024,82.84618781,1993
1993,1,1814.682359,1639.145315,329.5934766,70.6380761,1993
1993,2,1730.440459,1558.039408,263.4730857,60.40884438,1993
1993,3,1917.359244,1811.389384,170.2280921,58.3827173,1993
1993,4,1453.162034,1254.321139,162.0025659,56.7773607,1993
1993,5,863.4327122,713.250207,97.51956511,63.5161223,1993
1993,6,975.9438857,766.7692293,121.3669474,64.51956617,1993
1993,7,642.0123291,267.5850637,249.44584,73.20021279,1993
1993,8,684.2765925,266.7985861,307.9119067,76.25103251,1993
1993,9,538.7780286,150.2444674,311.9666964,80.9971152,1993
1993,10,492.3221716,144.9210525,309.0436671,84.72289464,1994
1993,11,406.8923166,208.9953163,197.3693631,84.13633169,1994
1993,12,635.8493045,350.0199707,298.4348977,78.41735342,1994
1994,1,462.057857,305.458389,166.2061865,77.15724761,1994
1994,2,648.545789,582.1104221,166.5344074,72.70933779,1994
1994,3,456.1405496,300.0197276,122.1789711,72.73495619,1994
1994,4,307.7012355,230.772859,57.75503985,78.22532514,1994
1994,5,322.3169605,224.8704711,56.08014406,78.39111674,1994
1994,6,273.2141483,107.0801545,57.54643909,84.81249403,1994
1994,7,378.4126332,127.2741765,125.9515058,86.19935667,1994
1994,8,378.7085899,94.42663473,174.9734475,88.67830089,1994
1994,9,442.7810877,155.9106683,210.3885051,86.75515698,1994
1994,10,279.8553927,91.10077545,153.2644742,88.34769259,1995
1994,11,314.2518659,151.6697486,175.1321436,87.46275351,1995
1994,12,514.04576,272.6766154,213.6478655,82.07346629,1995
1995,1,3184.51985,3043.706567,332.4406898,68.89817227,1995
1995,2,2325.050746,2062.484811,251.3099889,53.89562894,1995
1995,3,5572.58181,5681.630899,84.11290852,50.83407768,1995
1995,4,2699.200496,2572.214542,101.0666003,47.67970696,1995
1995,5,2947.448472,2776.395538,123.9720668,49.72254432,1995
1995,6,1636.579687,1323.926779,216.5861189,55.07612765,1995
1995,7,1184.069844,758.5863915,300.4444803,61.5824405,1995
1995,8,683.1484859,307.967627,266.4496495,71.16595518,1995
1995,9,842.8452688,555.8427041,211.1134164,71.54063813,1995
1995,10,585.6389687,322.000908,210.7166152,71.87031452,1996
1995,11,445.6863962,237.390506,158.0674681,79.49473292,1996
1995,12,805.1018356,784.6324095,127.2595614,73.18973723,1996
1996,1,1123.180404,910.2267576,285.4128021,69.06550862,1996
1996,2,3672.249716,3593.761277,188.2591826,55.64131317,1996
1996,3,2599.607072,2524.384739,100.543987,49.78594416,1996
1996,4,1351.040159,1190.225013,121.7888684,56.52353184,1996
1996,5,1468.216609,1303.1705,137.2243509,60.42488053,1996
1996,6,816.3454201,432.3906929,275.300156,65.3402471,1996
1996,7,689.0073327,259.2717857,304.0434601,74.67803752,1996
1996,8,688.5971952,271.6224979,307.6278248,77.26382464,1996
1996,9,576.1071833,206.5043777,293.1463765,78.20853091,1996
1996,10,453.8359236,135.0421269,279.6544344,84.73802388,1997
1996,11,540.1268544,284.1718239,285.7122604,82.02179207,1997
1996,12,2500.003021,2390.221348,219.6117587,67.46826312,1997
1997,1,7447.053821,7432.081516,77.17710805,46.5167206,1997
1997,2,3437.149378,3360.527026,66.20782076,44.81118173,1997
1997,3,1158.383724,956.3978323,199.6538627,55.64334775,1997
1997,4,575.0254797,402.4635619,133.2977787,68.52529714,1997
1997,5,501.9882642,349.7057451,93.39535345,72.30994687,1997
1997,6,545.1445996,235.2186038,207.3435003,76.46777393,1997
1997,7,670.7219576,265.6997098,281.5123849,77.61901971,1997
1997,8,610.5294766,246.8616994,257.7801273,77.72779375,1997
1997,9,479.4551793,112.6019396,292.3100856,83.35114521,1997
1997,10,431.003411,137.1101701,248.3725402,86.23758424,1998
1997,11,492.2279648,283.551685,261.9468751,83.22195633,1998
1997,12,718.2641157,413.8132584,311.7639113,74.25523648,1998
1998,1,2070.394443,1950.223228,205.1930033,69.03273581,1998
1998,2,6262.341367,6362.909658,92.79531687,48.77425415,1998
1998,3,3004.354372,2961.500022,63.42242829,47.10845611,1998
1998,4,2570.48627,2510.606523,47.94230869,49.3566404,1998
1998,5,2016.241672,1901.2022,99.32910293,53.07868766,1998
1998,6,2278.009115,2028.708544,151.3667584,53.22927231,1998
1998,7,1237.276285,888.0217828,226.2104974,58.8057901,1998
1998,8,934.1152146,566.6274034,260.3560469,66.09848072,1998
1998,9,903.5490362,569.6424472,259.8155605,67.79979267,1998
1998,10,642.2580463,348.2232212,263.8006542,71.60400496,1999
1998,11,704.9969729,582.4709225,130.1366748,73.26066947,1999
1998,12,1435.927184,1337.72436,65.2237451,62.34922098,1999
1999,1,1179.762943,1076.654912,129.107464,64.00383866,1999
1999,2,2856.456821,2797.827802,151.0279001,56.05772351,1999
1999,3,2172.0912,1956.895956,203.4364453,52.41943234,1999
1999,4,1169.383814,1005.072482,138.9375506,58.73198021,1999
1999,5,788.5675377,629.4633989,96.6189067,63.94269055,1999
1999,6,628.5292171,389.8776675,133.4808943,69.76161909,1999
1999,7,731.7803859,299.5639177,309.1788572,74.80975437,1999
1999,8,599.8686407,170.4774631,321.7643253,79.23354885,1999
1999,9,528.1186237,136.8156749,322.045606,84.48631835,1999
1999,10,436.5790894,121.1988428,264.1751673,86.23860238,2000
1999,11,466.0282747,192.6725422,267.847162,83.72454905,2000
1999,12,527.9009189,296.400652,180.0476437,79.07366767,2000
2000,1,805.5338959,610.1028971,278.1097961,78.41536812,2000
2000,2,2832.3701,2664.39652,329.5758691,62.11480213,2000
2000,3,2747.346107,2487.305199,257.5928707,51.6362958,2000
2000,4,946.9889664,772.8884998,155.7870181,61.53917065,2000
2000,5,762.679546,627.1085335,86.87973845,64.7693273,2000
2000,6,577.4947087,253.220567,220.2276654,73.33641224,2000
2000,7,679.8957023,261.0995925,295.6132609,77.61493371,2000
2000,8,589.255304,172.6816098,309.1834245,79.84629679,2000
2000,9,517.5734301,132.0310718,310.6801677,84.06488501,2000
2000,10,425.7383045,162.4418728,263.9650746,86.90294572,2001
2000,11,431.9187455,134.3039706,266.545531,85.03665289,2001
2000,12,462.7758261,169.8051663,246.7721816,83.85594357,2001
2001,1,576.6150292,430.7403384,189.3255214,79.65186136,2001
2001,2,728.4427823,554.1020271,235.9349526,74.41436161,2001
2001,3,878.5447737,663.3897212,224.4932177,67.76809465,2001
2001,4,464.7275875,346.0054336,119.5065306,73.79597168,2001
2001,5,390.7240672,274.8670605,47.70840545,75.59182676,2001
2001,6,420.3173335,212.6368628,103.9417041,78.39934618,2001
2001,7,486.0093418,133.7340713,228.3013768,82.57402647,2001
2001,8,434.0287463,91.373896,235.0252576,87.4799132,2001
2001,9,407.5634259,117.9472163,219.6009192,88.20427519,2001
2001,10,304.1877847,121.0709603,132.4652939,88.07665687,2002
2001,11,417.7933586,232.5662592,200.3369686,84.63237204,2002
2001,12,907.7494903,700.4811362,279.1401639,73.60232302,2002
2002,1,1386.00093,1096.751652,306.4732282,64.19019084,2002
2002,2,592.5613611,340.64256,247.7855528,72.36176806,2002
2002,3,697.6951239,480.8803388,233.3554771,71.6644277,2002
2002,4,516.955179,338.1947034,127.5041519,73.44552435,2002
2002,5,477.8257732,383.8129298,46.56751058,73.82068879,2002
2002,6,465.37038,211.2937003,147.5798521,77.13158319,2002
2002,7,595.7179391,162.3075962,309.2044338,81.22085702,2002
2002,8,535.9657395,108.9796669,319.3555665,84.87562334,2002
2002,9,435.7896583,118.0510447,242.3006471,87.84128623,2002
2002,10,340.6598828,119.0230129,167.4055419,86.58203747,2003
2002,11,391.5965001,207.6502661,194.8425565,84.43379803,2003
2002,12,974.0620638,817.9549435,213.939255,79.60343408,2003
2003,1,1756.468404,1456.645067,290.0914759,62.53278408,2003
2003,2,1142.162021,838.8258947,309.0986044,62.29724827,2003
2003,3,754.3662679,446.8288743,306.4622669,68.51315882,2003
2003,4,761.4541573,624.4959542,134.5965781,71.00323727,2003
2003,5,1317.577381,1187.544595,76.32029509,62.65819582,2003
2003,6,740.7800277,334.1954208,300.0585187,69.05420039,2003
2003,7,715.1063306,274.7629275,316.1146577,76.57854696,2003
2003,8,622.3531302,196.1855058,326.3964133,78.58412936,2003
2003,9,492.0033179,98.72951655,317.6668776,85.60136495,2003
2003,10,381.3055187,121.8948892,204.8952196,88.19511917,2004
2003,11,410.1817903,187.6123217,232.3689852,84.31081439,2004
2003,12,882.2177427,675.5166391,239.4664353,76.34386421,2004
2004,1,1212.502698,910.0522893,322.3955169,65.13935798,2004
2004,2,2144.639829,1928.130198,298.7368705,65.59366726,2004
2004,3,1929.887165,1594.225662,314.3224754,56.69563262,2004
2004,4,787.2045535,623.1546796,125.2237019,64.64600432,2004
2004,5,468.7333252,351.8514313,51.59786132,70.8503665,2004
2004,6,498.5964236,162.1601963,159.0425115,80.48887464,2004
2004,7,636.4001129,208.9262597,312.2306825,80.02669157,2004
2004,8,560.1474128,148.7346923,320.7951584,82.09878695,2004
2004,9,461.7826355,133.1165509,269.6235722,84.64584772,2004
2004,10,416.1498549,241.1855419,205.2222335,84.03829628,2005
2004,11,403.539602,189.9541249,232.1971963,80.62821835,2005
2004,12,570.2062874,352.5785348,228.7818497,81.04419784,2005
2005,1,1234.276526,952.1256423,343.2960899,69.53086364,2005
2005,2,928.3243216,706.0219079,255.1175934,67.51395451,2005
2005,3,1248.347259,1091.840049,199.2227159,64.39440702,2005
2005,4,1028.093134,846.7596009,173.2830536,62.24949902,2005
2005,5,1575.02684,1444.135415,92.15580634,62.00742786,2005
2005,6,1176.905713,791.967447,286.0775477,60.95732604,2005
2005,7,726.2923984,267.3411735,334.6119525,71.8572845,2005
2005,8,602.6930178,159.4859594,334.2036419,79.83225143,2005
2005,9,607.5417144,199.6620837,331.0097756,81.54665595,2005
2005,10,488.1997869,126.4968334,306.7463488,83.5491857,2006
2005,11,459.5493802,141.8296445,273.1131515,86.39224326,2006
2005,12,1459.563529,1212.782213,307.1208619,78.78489714,2006
2006,1,4271.144119,4132.024366,204.9902181,54.6551443,2006
2006,2,1742.073626,1476.131918,266.5171467,55.08046557,2006
2006,3,3350.708681,3267.574987,172.0979174,52.70691654,2006
2006,4,5140.883815,5081.107896,100.0651278,45.95363719,2006
2006,5,2465.528631,2302.890367,113.9259805,48.35170294,2006
2006,6,1314.009276,1000.298261,207.5143452,56.91207375,2006
2006,7,741.0564367,290.5673816,325.6282046,69.25388939,2006
2006,8,674.4095417,231.5148821,333.9177331,76.66854375,2006
2006,9,632.4350541,224.2741427,331.8017034,78.87225661,2006
2006,10,456.8722203,112.9147951,297.6657756,83.63910354,2007
2006,11,435.2535261,148.1140966,270.4032293,86.09012729,2007
2006,12,565.5924683,255.3996853,304.8902252,83.0829368,2007
2007,1,482.2532491,233.4075436,221.9090771,79.00744306,2007
2007,2,756.2671178,601.2920516,196.3004696,75.1733732,2007
2007,3,621.4369432,396.5482031,205.3291068,71.40170921,2007
2007,4,480.4226716,320.1568723,136.6221765,75.17271502,2007
2007,5,377.5284168,265.6065383,44.21721233,75.98276631,2007
2007,6,424.0466622,222.188135,94.55278171,78.54153696,2007
2007,7,597.6069468,151.8011327,320.9111661,81.60796163,2007
2007,8,536.3576081,105.8237087,321.1568833,86.49735606,2007
2007,9,475.7428408,127.9119145,276.28747,86.15763766,2007
2007,10,354.2483153,104.2909452,213.057779,88.45128445,2008
2007,11,340.0645592,121.5047561,185.4253173,87.8693079,2008
2007,12,396.8779573,203.4729832,189.185764,85.74775849,2008
2008,1,759.7747856,695.4635737,172.5071415,74.89763566,2008
2008,2,866.6165778,683.2337514,198.5294099,68.31360183,2008
2008,3,481.8120544,346.0373433,101.2756578,71.27497543,2008
2008,4,389.6605717,270.1427144,66.86645712,76.51689079,2008
2008,5,358.3798345,232.6183257,56.2199014,77.85467679,2008
2008,6,376.1826967,207.6304443,61.14928584,79.47703365,2008
2008,7,404.9382106,104.0470549,176.2988586,84.4196929,2008
2008,8,354.2674977,87.04689918,158.1833845,89.12760649,2008
2008,9,335.3913357,115.2967595,143.8231505,88.42802139,2008
2008,10,264.4071828,90.22021287,127.1800915,89.68858746,2009
2008,11,317.8669833,164.739861,144.4980353,87.20758218,2009
2008,12,292.6619148,201.429603,79.13827803,85.21368281,2009
2009,1,302.1261356,178.5687735,128.5502615,83.55393792,2009
2009,2,667.5413363,644.2830923,113.0357941,76.87696478,2009
2009,3,741.3670086,564.2661438,166.6144971,69.08395735,2009
2009,4,461.8015134,340.928223,79.36834479,74.45309169,2009
2009,5,568.6607357,449.8121911,65.13422733,72.18604203,2009
2009,6,398.9381145,228.3649831,64.92958483,76.43513801,2009
2009,7,570.2455656,147.6513445,298.5554726,81.86770302,2009
2009,8,466.955758,120.0104487,238.649814,85.29676281,2009
2009,9,368.2653065,110.0685257,191.1000133,87.35643665,2009
2009,10,350.3122737,180.2376406,174.3979761,85.67640826,2010
2009,11,306.9659414,131.7979297,128.1252348,86.21606999,2010
2009,12,352.0587837,180.4002341,158.9196225,84.32892582,2010
2010,1,896.2181397,763.2805939,161.7467399,78.73523746,2010
2010,2,999.4491605,848.9997331,197.1489636,65.84095456,2010
2010,3,685.9308444,484.8264284,203.0792877,67.73155029,2010
2010,4,719.1487888,696.7209026,43.43237896,69.94073258,2010
2010,5,707.0935765,585.641709,68.08466003,67.3452902,2010
2010,6,767.6319493,467.9349423,193.5352621,69.14884774,2010
2010,7,593.0844724,189.7466203,279.0743958,77.64965174,2010
2010,8,534.8394597,113.378826,312.6983672,83.53159864,2010
2010,9,541.5889475,166.652192,298.6247423,85.48979611,2010
2010,10,445.4322144,154.9854077,264.121274,85.25434198,2011
2010,11,449.091025,198.8088028,259.9533691,84.05490204,2011
2010,12,1628.799618,1363.118177,311.7173255,71.92141328,2011
2011,1,1432.558392,1117.829433,304.7796981,60.48044858,2011
2011,2,1010.748593,799.9792268,254.696886,65.58202936,2011
2011,3,3074.640438,2948.767489,182.0855432,58.84728037,2011
2011,4,2636.903434,2408.159005,176.1657085,50.79017601,2011
2011,5,1480.397421,1332.566127,99.49626367,55.79709748,2011
2011,6,1549.051371,1190.351495,280.9512546,58.6211765,2011
2011,7,946.3407846,499.9202209,327.530914,64.87767412,2011
2011,8,687.9002354,250.9813438,328.4754179,76.21096041,2011
2011,9,747.7431403,345.6297634,325.9542747,75.30234768,2011
2011,10,678.7246637,341.9907746,304.0891325,74.01392732,2012
2011,11,463.5986893,234.1633294,202.4588443,79.48847505,2012
2011,12,475.7878737,152.1381945,266.2514316,81.1898545,2012
2012,1,493.4018656,323.3043964,172.3244522,81.23534649,2012
2012,2,433.2985245,305.7330845,110.9522392,75.79760715,2012
2012,3,636.8504421,569.5769227,100.1776949,74.42109677,2012
2012,4,844.4102465,786.696738,65.29770383,67.25282289,2012
2012,5,517.4099841,353.756881,95.29166871,69.99102619,2012
2012,6,454.5335229,235.1931187,113.7317818,77.93063785,2012
2012,7,627.843858,213.3592164,290.4997866,79.369717,2012
2012,8,552.1008612,131.4303588,312.6353394,82.35948918,2012
2012,9,479.0927237,138.3787648,265.0211407,86.71474617,2012
2012,10,388.8314057,126.7717809,220.8038066,86.15569976,2013
2012,11,384.7343843,178.1611023,200.3822755,85.3264625,2013
2012,12,1503.543245,1366.3125,205.1847822,70.72051282,2013
2013,1,759.9510808,631.166977,129.5057267,65.00368635,2013
2013,2,528.3913419,380.2618733,128.6323086,70.3419018,2013
2013,3,449.3143627,272.6035397,149.3311729,75.32707866,2013
2013,4,441.39545,364.3160503,52.50887212,74.72141465,2013
2013,5,416.0850002,285.0903555,61.15525369,76.27215929,2013
2013,6,420.9959939,223.7606639,89.95318196,78.22190069,2013
2013,7,538.020081,154.1441234,259.5850979,81.4573053,2013
2013,8,533.7899095,143.9537125,281.4575781,83.71054143,2013
2013,9,419.5301252,158.3411976,196.1262535,83.73419244,2013
2013,10,277.9444623,121.0124997,102.1233363,85.93061853,2014
2013,11,289.2131665,157.6672567,107.9277721,85.68029605,2014
2013,12,267.9641441,140.2021871,77.77541561,84.43075016,2014
2014,1,213.5227233,135.3664004,43.96144726,85.39143942,2014
2014,2,346.2068203,313.213649,74.48544174,80.69592519,2014
2014,3,460.4858153,360.2788901,123.6121689,76.66403724,2014
2014,4,344.762324,224.0636542,110.632031,79.33781835,2014
2014,5,232.1287183,118.2054781,44.07654154,84.14585981,2014
2014,6,289.6379192,153.0818154,30.47081448,85.04566523,2014
2014,7,293.5242084,115.673404,54.6907917,85.63105968,2014
2014,8,270.2203573,96.80433637,65.52152871,88.12225733,2014
2014,9,258.3449723,90.64411302,100.8636629,89.49263748,2014
2014,10,220.5279457,133.6728703,35.15308115,88.23840784,2015
2014,11,262.3027235,153.8652481,83.83296757,84.40424783,2015
2014,12,1063.768006,948.8107444,183.4657611,74.18447374,2015
2015,1,353.8263029,171.3552853,147.7700926,75.3076696,2015
2015,2,590.3283755,460.3621412,141.5902997,76.54957809,2015
2015,3,292.050819,169.5822853,89.97906295,79.68837556,2015
2015,4,258.5979361,193.0718097,45.86668385,81.2674196,2015
2015,5,262.8086511,167.3215049,26.73841055,82.3738175,2015
2015,6,260.9642806,135.8208097,23.79842158,83.92562419,2015
2015,7,279.1794421,134.8895813,19.71309231,85.38787035,2015
2015,8,273.9380852,126.5781302,38.54379514,85.57510452,2015
2015,9,275.1444133,136.6495494,62.8341382,86.10413189,2015
2015,10,220.9645732,134.1533433,41.09413821,85.1567409,2016
2015,11,206.4024371,135.0449281,63.08898981,85.5869298,2016
2015,12,335.9885166,261.8915507,68.72133235,82.6434543,2016
2016,1,868.6484927,782.5707604,130.1533604,75.15454388,2016
2016,2,660.3205405,505.295571,145.5983889,68.32432693,2016
2016,3,1936.639363,1802.490587,165.2954802,64.45404297,2016
2016,4,646.523629,591.0830194,58.06180569,63.34225819,2016
2016,5,465.3563129,344.1666046,65.69691047,71.40612756,2016
2016,6,439.8210334,199.6063939,133.4157656,77.30224033,2016
2016,7,560.9466787,233.6715297,202.9559724,79.48784691,2016
2016,8,563.303371,175.4283439,279.4644375,80.31526285,2016
2016,9,496.2829372,146.9578254,273.5445115,83.5954133,2016
2016,10,381.9202683,215.6309582,193.6041055,83.95502338,2017
2016,11,478.4083999,245.4777973,216.2387656,81.1067019,2017
2016,12,1274.972402,1001.35311,241.4568355,73.7469104,2017
2017,1,4272.171746,4076.166189,332.0351195,57.01050116,2017
2017,2,7786.514837,7617.301454,324.6809605,44.66561208,2017
2017,3,3636.362633,3520.877399,132.8708642,43.84213892,2017
2017,4,3187.89263,3029.830825,156.8809923,48.00587307,2017
2017,5,2104.039424,1844.823359,190.4764642,51.16569923,2017
2017,6,1213.487303,796.3065318,317.4063626,59.3994278,2017
2017,7,708.5459567,273.2922784,311.9328989,71.19313435,2017
2017,8,729.6575359,289.8494125,330.8695616,76.46937248,2017
2017,9,718.9194223,366.3274903,276.0430012,74.5379191,2017
2017,10,481.4786464,264.4957871,167.2000164,75.55327244,2018
2017,11,490.0437921,256.1645751,212.6387505,78.09340406,2018
2017,12,489.5206307,193.7191998,237.5682931,79.92497089,2018
2018,1,602.9953686,481.1598535,182.7149079,75.60681423,2018
2018,2,462.2239738,327.6329917,113.8185527,73.91381529,2018
2018,3,927.3228252,798.3277152,182.559622,71.27089554,2018
2018,4,1299.037215,1186.648596,112.472626,62.53776162,2018
2018,5,501.1113554,359.2613106,78.26045579,69.70009735,2018
2018,6,419.9529901,207.211355,105.2612691,76.52221637,2018
2018,7,475.2023544,188.3572679,162.2948079,80.53112855,2018
2018,8,561.3440279,163.0995544,289.3077387,81.98810344,2018
2018,9,537.0658033,172.1173434,288.597747,82.75508676,2018
2018,10,392.1472171,141.7459119,223.0180013,83.84637426,2019
2018,11,331.9678289,223.5473437,112.8086526,84.86641364,2019
2018,12,481.5334532,285.3607357,216.9919937,79.62888396,2019
2019,1,1035.462121,914.8825952,170.5487119,71.9499159,2019
2019,2,2434.930223,2319.911238,239.9094243,60.00423823,2019
2019,3,3598.173255,3418.691035,216.174459,50.2437819,2019
2019,4,2557.335927,2426.23176,89.95884533,50.44333752,2019
2019,5,1476.450418,1419.148082,79.19399827,55.56589852,2019
2019,6,1313.726107,933.5224181,273.1839437,59.23227581,2019
2019,7,654.8544757,216.1616707,313.8584445,72.62208683,2019
2019,8,706.8780031,330.9408104,266.732818,76.40759929,2019
2019,9,709.2501632,353.1601568,285.976551,74.60953515,2019
2019,10,506.1718499,374.536879,77.09398441,73.7931165,2020
2019,11,364.8597338,192.2043703,135.9067041,77.682538,2020
2019,12,675.2115479,410.8089323,298.0247601,75.62768381,2020
2020,1,548.6105815,365.7869735,181.2515664,75.25757727,2020
2020,2,464.9821462,333.234601,105.2068487,74.01968145,2020
2020,3,425.9666661,292.3851405,131.0193078,75.35958629,2020
2020,4,429.534467,322.3476523,78.03178964,75.76779685,2020
2020,5,370.4218018,256.3789001,47.71205924,77.90537329,2020
2020,6,402.2577928,201.2836951,94.93789082,79.05654852,2020
2020,7,427.0673694,128.1794022,175.4657952,83.25720582,2020
2020,8,406.2216032,96.15304891,201.9301718,87.58151445,2020
2020,9,353.2158465,120.9582409,156.416596,87.13311712,2020
