Date ,ID,Microplastic,Area,Total Area,Adjusted Area
,,11,0.104,,
,,17,0.104,,
,,18,0.104,,
,,25,0.104,,
,,29,0.104,,
,,31,0.104,,
,,38,0.104,,
,,45,0.104,,
,,46,0.104,,
,,61,0.104,,
,,64,0.104,,
,,65,0.104,,
,,73,0.104,,
,,78,0.104,,
,,82,0.104,,
,,90,0.104,,
,,91,0.104,,
,,94,0.104,,
,,96,0.104,,
,,99,0.104,,
,,106,0.104,,
,,107,0.104,,
,,109,0.104,,
,,110,0.104,,
,,111,0.104,,
,,114,0.104,,
,,116,0.104,,
,,117,0.104,,
,,118,0.104,,
,,119,0.104,,
,,121,0.104,,
,,122,0.104,,
,,130,0.104,,
,,131,0.104,,
,,141,0.104,,
,,143,0.104,,
,,145,0.104,,
,,148,0.104,,
,,150,0.104,,
,,153,0.104,,
,,155,0.104,,
,,161,0.104,,
,,162,0.104,,
,,163,0.104,,
,,164,0.104,,
,,166,0.104,,
,,167,0.104,,
,,168,0.104,,
,,169,0.104,,
,,171,0.104,,
,,172,0.104,,
,,173,0.104,,
,,174,0.104,,
,,176,0.104,,
,,177,0.104,,
,,178,0.104,,
,,179,0.104,,
,,182,0.104,,
,,183,0.104,,
,,184,0.104,,
,,187,0.104,,
,,188,0.104,,
,,189,0.104,,
,,191,0.104,,
,,192,0.104,,
,,193,0.104,,
,,194,0.104,,
,,195,0.104,,
,,196,0.104,,
,,199,0.104,,
,,201,0.104,,
,,203,0.104,,
,,204,0.104,,
,,206,0.104,,
,,207,0.104,,
,,208,0.104,,
,,209,0.104,,
,,210,0.104,,
,,211,0.104,,
,,216,0.104,,
,,217,0.104,,
,,218,0.104,,
,,228,0.104,,
,,232,0.104,,
,,233,0.104,,
,,235,0.104,,
,,237,0.104,,
,,238,0.104,,
,,241,0.104,,
,,245,0.104,,
,,255,0.104,,
,,260,0.104,,
,,261,0.104,,
,,266,0.104,,
,,270,0.104,,
,,274,0.104,,
,,276,0.104,,
,,279,0.104,,
,,280,0.104,,
,,281,0.104,,
,,282,0.104,,
,,285,0.104,,
,,286,0.104,,
,,287,0.104,,
,,292,0.104,,
,,293,0.104,,
,,294,0.104,,
,,295,0.104,,
,,296,0.104,,
,,297,0.104,,
,,298,0.104,,
,,299,0.104,,
,,300,0.104,,
,,301,0.104,,
,,303,0.104,,
,,306,0.104,,
,,308,0.104,,
,,309,0.104,,
,,310,0.104,,
,,312,0.104,,
,,315,0.104,,
,,316,0.104,,
,,317,0.104,,
,,319,0.104,,
,,321,0.104,,
,,322,0.104,,
,,325,0.104,,
,,326,0.104,,
,,327,0.104,,
,,328,0.104,,
,,329,0.104,,
,,331,0.104,,
,,333,0.104,,
,,334,0.104,,
,,335,0.104,,
,,336,0.104,,
,,340,0.104,,
,,343,0.104,,
,,344,0.104,,
,,345,0.104,,
,,346,0.104,,
,,348,0.104,,
,,351,0.104,,
,,356,0.104,,
,,357,0.104,,
,,358,0.104,,
,,359,0.104,,
,,360,0.104,,
,,361,0.104,,
,,362,0.104,,
,,363,0.104,,
,,364,0.104,,
,,365,0.104,,
,,366,0.104,,
,,367,0.104,,
,,368,0.104,,
,,369,0.104,,
,,376,0.104,,
,,380,0.104,,
,,381,0.104,,
,,382,0.104,,
,,383,0.104,,
,,384,0.104,,
,,390,0.104,,
,,393,0.104,,
,,395,0.104,,
,,398,0.104,,
,,400,0.104,,
,,402,0.104,,
,,404,0.104,,
,,405,0.104,,
,,406,0.104,,
,,407,0.104,,
,,409,0.104,,
,,412,0.104,,
,,413,0.104,,
,,414,0.104,,
,,419,0.104,,
,,420,0.104,,
,,423,0.104,,
,,424,0.104,,
,,427,0.104,,
,,429,0.104,,
,,430,0.104,,
,,438,0.104,,
,,442,0.104,,
,,443,0.104,,
,,445,0.104,,
,,451,0.104,,
,,460,0.104,,
,,463,0.104,,
,,464,0.104,,
,,470,0.104,,
,,477,0.104,,
,,482,0.104,,
,,487,0.104,,
,,489,0.104,,
,,490,0.104,,
,,495,0.104,,
,,499,0.104,,
,,500,0.104,,
,,504,0.104,,
,,508,0.104,,
,,519,0.104,,
,,527,0.104,,
,,533,0.104,,
,,539,0.104,,
,,540,0.104,,
,,543,0.104,,
,,550,0.104,,
,,552,0.104,,
,,558,0.104,,
,,561,0.104,,
,,562,0.104,,
,,563,0.104,,
,,567,0.104,,
,,571,0.104,,
,,574,0.104,,
,,580,0.104,,
,,583,0.104,,
,,587,0.104,,
,,590,0.104,,
,,603,0.104,,
,,612,0.104,,
,,618,0.104,,
,,620,0.104,,
,,637,0.104,,
,,642,0.104,,
,,649,0.104,,
,,653,0.104,,
,,655,0.104,,
,,659,0.104,,
,,668,0.104,,
,,672,0.104,,
,,674,0.104,,
,,676,0.104,,
,,683,0.104,,
,,685,0.104,,
,,688,0.104,,
,,691,0.104,,
,,695,0.104,,
,,697,0.104,,
,,700,0.104,,
,,701,0.104,,
,,702,0.104,,
,,706,0.104,,
,,707,0.104,,
,,708,0.104,,
,,710,0.104,,
,,712,0.104,,
,,724,0.104,,
,,733,0.104,,
,,734,0.104,,
,,735,0.104,,
,,738,0.104,,
,,739,0.104,,
,,742,0.104,,
,,747,0.104,,
,,751,0.104,,
,,756,0.104,,
,,758,0.104,,
,,762,0.104,,
,,764,0.104,,
,,767,0.104,,
,,768,0.104,,
,,770,0.104,,
,,774,0.104,,
,,775,0.104,,
,,779,0.104,,
,,780,0.104,,
,,781,0.104,,
,,784,0.104,,
,,785,0.104,,
,,786,0.104,,
,,788,0.104,,
,,789,0.104,,
,,790,0.104,,
,,791,0.104,,
,,792,0.104,,
,,795,0.104,,
,,798,0.104,,
,,799,0.104,,
,,802,0.104,,
,,804,0.104,,
,,805,0.104,,
,,806,0.104,,
,,810,0.104,,
,,811,0.104,,
,,813,0.104,,
,,814,0.104,,
,,815,0.104,,
,,816,0.104,,
,,817,0.104,,
,,820,0.104,,
,,821,0.104,,
,,822,0.104,,
,,823,0.104,,
,,824,0.104,,
,,825,0.104,,
,,827,0.104,,
,,837,0.104,,
,,845,0.104,,
,,846,0.104,,
,,850,0.104,,
,,851,0.104,,
,,853,0.104,,
,,855,0.104,,
,,860,0.104,,
,,861,0.104,,
,,863,0.104,,
,,864,0.104,,
,,867,0.104,,
,,872,0.104,,
,,873,0.104,,
,,876,0.104,,
,,882,0.104,,
,,883,0.104,,
,,886,0.104,,
,,889,0.104,,
,,894,0.104,,
,,896,0.104,,
,,898,0.104,,
,,903,0.104,,
,,906,0.104,,
,,910,0.104,,
,,913,0.104,,
,,914,0.104,,
,,921,0.104,,
,,923,0.104,,
,,927,0.104,,
,,928,0.104,,
,,929,0.104,,
,,931,0.104,,
,,932,0.104,,
,,933,0.104,,
,,936,0.104,,
,,941,0.104,,
,,942,0.104,,
,,943,0.104,,
,,955,0.104,,
,,961,0.104,,
,,962,0.104,,
,,965,0.104,,
,,968,0.104,,
,,970,0.104,,
,,975,0.104,,
,,977,0.104,,
,,978,0.104,,
,,979,0.104,,
,,981,0.104,,
,,982,0.104,,
,,983,0.104,,
,,984,0.104,,
,,985,0.104,,
,,986,0.104,,
,,992,0.104,,
,,994,0.104,,
,,995,0.104,,
,,998,0.104,,
,,1003,0.104,,
,,1004,0.104,,
,,1006,0.104,,
,,1007,0.104,,
,,1008,0.104,,
,,1009,0.104,,
,,1010,0.104,,
,,1012,0.104,,
,,1013,0.104,,
,,1014,0.104,,
,,1015,0.104,,
,,1017,0.104,,
,,1018,0.104,,
,,1021,0.104,,
,,1022,0.104,,
,,1024,0.104,,
,,1025,0.104,,
,,1026,0.104,,
,,1027,0.104,,
,,1028,0.104,,
,,1030,0.104,,
,,1031,0.104,,
,,1032,0.104,,
,,1033,0.104,,
,,1036,0.104,,
,,1039,0.104,,
,,1044,0.104,,
,,1046,0.104,,
,,1047,0.104,,
,,1054,0.104,,
,,1060,0.104,,
,,1063,0.104,,
,,1065,0.104,,
,,1066,0.104,,
,,1067,0.104,,
,,1072,0.104,,
,,1075,0.104,,
,,1077,0.104,,
,,1080,0.104,,
,,1081,0.104,,
,,1084,0.104,,
,,1087,0.104,,
,,1089,0.104,,
,,1094,0.104,,
,,1097,0.104,,
,,1107,0.104,,
,,1114,0.104,,
,,1125,0.104,,
,,1131,0.104,,
,,1135,0.104,,
,,1137,0.104,,
,,1138,0.104,,
,,1139,0.104,,
,,1141,0.104,,
,,1146,0.104,,
,,1147,0.104,,
,,1155,0.104,,
,,1157,0.104,,
,,1163,0.104,,
,,1165,0.104,,
,,1170,0.104,,
,,1171,0.104,,
,,1173,0.104,,
,,1174,0.104,,
,,1178,0.104,,
,,1181,0.104,,
,,1184,0.104,,
,,1185,0.104,,
,,1186,0.104,,
,,1188,0.104,,
,,1193,0.104,,
,,1203,0.104,,
,,1204,0.104,,
,,1208,0.104,,
,,1209,0.104,,
,,1211,0.104,,
,,1212,0.104,,
,,1213,0.104,,
,,1215,0.104,,
,,1216,0.104,,
,,1225,0.104,,
,,1226,0.104,,
,,1229,0.104,,
,,1232,0.104,,
,,1247,0.104,,
,,1248,0.104,,
,,1250,0.104,,
,,1251,0.104,,
,,1252,0.104,,
,,1256,0.104,,
,,1257,0.104,,
,,1259,0.104,,
,,1263,0.104,,
,,1264,0.104,,
,,1265,0.104,,
,,1266,0.104,,
,,1268,0.104,,
,,1269,0.104,,
,,1270,0.104,,
,,1272,0.104,,
,,1273,0.104,,
,,1274,0.104,,
,,1275,0.104,,
,,1278,0.104,,
,,1279,0.104,,
,,1280,0.104,,
,,1282,0.104,,
,,1283,0.104,,
,,1284,0.104,,
,,1285,0.104,,
,,1286,0.104,,
,,1287,0.104,,
,,1288,0.104,,
,,1290,0.104,,
,,1291,0.104,,
,,1292,0.104,,
,,1293,0.104,,
,,1294,0.104,,
,,1295,0.104,,
,,1298,0.104,,
,,1299,0.104,,
,,1300,0.104,,
,,1303,0.104,,
,,1307,0.104,,
,,1312,0.104,,
,,1313,0.104,,
,,1318,0.104,,
,,1321,0.104,,
,,1327,0.104,,
,,1328,0.104,,
,,1329,0.104,,
,,1330,0.104,,
,,1333,0.104,,
,,1336,0.104,,
,,1338,0.104,,
,,1341,0.104,,
,,1342,0.104,,
,,1346,0.104,,
,,1347,0.104,,
,,1349,0.104,,
,,1356,0.104,,
,,1363,0.104,,
,,1364,0.104,,
,,1367,0.104,,
,,1374,0.104,,
,,1375,0.104,,
,,1381,0.104,,
,,1382,0.104,,
,,1383,0.104,,
,,1384,0.104,,
,,1389,0.104,,
,,1390,0.104,,
,,1393,0.104,,
,,1395,0.104,,
,,1396,0.104,,
,,1397,0.104,,
,,1400,0.104,,
,,1405,0.104,,
,,1406,0.104,,
,,1408,0.104,,
,,1410,0.104,,
,,1413,0.104,,
,,1414,0.104,,
,,1419,0.104,,
,,1423,0.104,,
,,1425,0.104,,
,,1426,0.104,,
,,1432,0.104,,
,,1438,0.104,,
,,1440,0.104,,
,,1444,0.104,,
,,1446,0.104,,
,,1447,0.104,,
,,1448,0.104,,
,,1453,0.104,,
,,1455,0.104,,
,,1456,0.104,,
,,1459,0.104,,
,,1461,0.104,,
,,6,0.208,,
,,83,0.208,,
,,84,0.208,,
,,101,0.208,,
,,105,0.208,,
,,124,0.208,,
,,180,0.208,,
,,185,0.208,,
,,186,0.208,,
,,200,0.208,,
,,212,0.208,,
,,221,0.208,,
,,223,0.208,,
,,234,0.208,,
,,248,0.208,,
,,277,0.208,,
,,290,0.208,,
,,291,0.208,,
,,304,0.208,,
,,307,0.208,,
,,311,0.208,,
,,313,0.208,,
,,318,0.208,,
,,323,0.208,,
,,330,0.208,,
,,339,0.208,,
,,341,0.208,,
,,352,0.208,,
,,353,0.208,,
,,354,0.208,,
,,371,0.208,,
,,388,0.208,,
,,391,0.208,,
,,392,0.208,,
,,396,0.208,,
,,403,0.208,,
,,415,0.208,,
,,469,0.208,,
,,509,0.208,,
,,513,0.208,,
,,524,0.208,,
,,529,0.208,,
,,546,0.208,,
,,565,0.208,,
,,568,0.208,,
,,593,0.208,,
,,617,0.208,,
,,625,0.208,,
,,635,0.208,,
,,647,0.208,,
,,665,0.208,,
,,666,0.208,,
,,693,0.208,,
,,722,0.208,,
,,728,0.208,,
,,741,0.208,,
,,793,0.208,,
,,803,0.208,,
,,809,0.208,,
,,829,0.208,,
,,830,0.208,,
,,832,0.208,,
,,833,0.208,,
,,836,0.208,,
,,847,0.208,,
,,859,0.208,,
,,865,0.208,,
,,869,0.208,,
,,892,0.208,,
,,895,0.208,,
,,904,0.208,,
,,909,0.208,,
,,937,0.208,,
,,940,0.208,,
,,946,0.208,,
,,947,0.208,,
,,960,0.208,,
,,964,0.208,,
,,974,0.208,,
,,980,0.208,,
,,993,0.208,,
,,996,0.208,,
,,1019,0.208,,
,,1023,0.208,,
,,1052,0.208,,
,,1058,0.208,,
,,1061,0.208,,
,,1091,0.208,,
,,1129,0.208,,
,,1142,0.208,,
,,1144,0.208,,
,,1154,0.208,,
,,1161,0.208,,
,,1166,0.208,,
,,1167,0.208,,
,,1182,0.208,,
,,1190,0.208,,
,,1240,0.208,,
,,1246,0.208,,
,,1255,0.208,,
,,1281,0.208,,
,,1297,0.208,,
,,1301,0.208,,
,,1305,0.208,,
,,1306,0.208,,
,,1316,0.208,,
,,1325,0.208,,
,,1339,0.208,,
,,1348,0.208,,
,,1361,0.208,,
,,1366,0.208,,
,,1372,0.208,,
,,1394,0.208,,
,,1398,0.208,,
,,1429,0.208,,
,,1437,0.208,,
,,1441,0.208,,
,,24,0.312,,
,,39,0.312,,
,,79,0.312,,
,,89,0.312,,
,,113,0.312,,
,,136,0.312,,
,,139,0.312,,
,,198,0.312,,
,,249,0.312,,
,,305,0.312,,
,,338,0.312,,
,,350,0.312,,
,,375,0.312,,
,,378,0.312,,
,,397,0.312,,
,,410,0.312,,
,,418,0.312,,
,,456,0.312,,
,,491,0.312,,
,,528,0.312,,
,,545,0.312,,
,,777,0.312,,
,,838,0.312,,
,,856,0.312,,
,,885,0.312,,
,,891,0.312,,
,,916,0.312,,
,,920,0.312,,
,,930,0.312,,
,,945,0.312,,
,,952,0.312,,
,,966,0.312,,
,,988,0.312,,
,,990,0.312,,
,,999,0.312,,
,,1034,0.312,,
,,1101,0.312,,
,,1111,0.312,,
,,1113,0.312,,
,,1172,0.312,,
,,1194,0.312,,
,,1245,0.312,,
,,1254,0.312,,
,,1261,0.312,,
,,1344,0.312,,
,,1350,0.312,,
,,1355,0.312,,
,,1404,0.312,,
,,1451,0.312,,
,,36,0.416,,
,,71,0.416,,
,,190,0.416,,
,,219,0.416,,
,,220,0.416,,
,,222,0.416,,
,,302,0.416,,
,,314,0.416,,
,,320,0.416,,
,,399,0.416,,
,,408,0.416,,
,,411,0.416,,
,,416,0.416,,
,,441,0.416,,
,,597,0.416,,
,,630,0.416,,
,,654,0.416,,
,,678,0.416,,
,,796,0.416,,
,,808,0.416,,
,,828,0.416,,
,,884,0.416,,
,,951,0.416,,
,,1049,0.416,,
,,1143,0.416,,
,,1148,0.416,,
,,1160,0.416,,
,,1180,0.416,,
,,1219,0.416,,
,,1237,0.416,,
,,1262,0.416,,
,,1353,0.416,,
,,1379,0.416,,
,,55,0.52,,
,,92,0.52,,
,,97,0.52,,
,,213,0.52,,
,,251,0.52,,
,,372,0.52,,
,,377,0.52,,
,,422,0.52,,
,,478,0.52,,
,,518,0.52,,
,,551,0.52,,
,,577,0.52,,
,,594,0.52,,
,,600,0.52,,
,,626,0.52,,
,,634,0.52,,
,,681,0.52,,
,,690,0.52,,
,,720,0.52,,
,,878,0.52,,
,,901,0.52,,
,,908,0.52,,
,,969,0.52,,
,,991,0.52,,
,,1016,0.52,,
,,1056,0.52,,
,,1083,0.52,,
,,1159,0.52,,
,,1175,0.52,,
,,1235,0.52,,
,,1317,0.52,,
,,1332,0.52,,
,,1340,0.52,,
,,35,0.624,,
,,337,0.624,,
,,374,0.624,,
,,386,0.624,,
,,425,0.624,,
,,534,0.624,,
,,588,0.624,,
,,687,0.624,,
,,834,0.624,,
,,868,0.624,,
,,953,0.624,,
,,1150,0.624,,
,,1200,0.624,,
,,1227,0.624,,
,,1315,0.624,,
,,1335,0.624,,
,,34,0.728,,
,,37,0.728,,
,,137,0.728,,
,,437,0.728,,
,,439,0.728,,
,,455,0.728,,
,,458,0.728,,
,,521,0.728,,
,,572,0.728,,
,,579,0.728,,
,,761,0.728,,
,,862,0.728,,
,,875,0.728,,
,,918,0.728,,
,,922,0.728,,
,,1020,0.728,,
,,1105,0.728,,
,,1116,0.728,,
,,1368,0.728,,
,,22,0.832,,
,,66,0.832,,
,,72,0.832,,
,,246,0.832,,
,,746,0.832,,
,,944,0.832,,
,,1132,0.832,,
,,1134,0.832,,
,,1223,0.832,,
,,1319,0.832,,
,,1359,0.832,,
,,3,0.937,,
,,230,0.937,,
,,401,0.937,,
,,536,0.937,,
,,570,0.937,,
,,644,0.937,,
,,696,0.937,,
,,732,0.937,,
,,801,0.937,,
,,877,0.937,,
,,1100,0.937,,
,,1145,0.937,,
,,1151,0.937,,
,,1158,0.937,,
,,1239,0.937,,
,,1445,0.937,,
,,1450,0.937,,
,,85,1.041,,
,,269,1.041,,
,,342,1.041,,
,,373,1.041,,
,,433,1.041,,
,,502,1.041,,
,,564,1.041,,
,,605,1.041,,
,,633,1.041,,
,,651,1.041,,
,,680,1.041,,
,,704,1.041,,
,,745,1.041,,
,,835,1.041,,
,,1042,1.041,,
,,1051,1.041,,
,,1104,1.041,,
,,1149,1.041,,
,,1258,1.041,,
,,1334,1.041,,
,,1422,1.041,,
,,324,1.145,,
,,520,1.145,,
,,532,1.145,,
,,652,1.145,,
,,736,1.145,,
,,748,1.145,,
,,760,1.145,,
,,819,1.145,,
,,890,1.145,,
,,1156,1.145,,
,,1314,1.145,,
,,44,1.249,,
,,271,1.249,,
,,370,1.249,,
,,486,1.249,,
,,599,1.249,,
,,718,1.249,,
,,879,1.249,,
,,919,1.249,,
,,1385,1.249,,
,,68,1.353,,
,,225,1.353,,
,,481,1.353,,
,,506,1.353,,
,,628,1.353,,
,,765,1.353,,
,,831,1.353,,
,,1103,1.353,,
,,1222,1.353,,
,,1233,1.353,,
,,1260,1.353,,
,,239,1.457,,
,,283,1.457,,
,,743,1.457,,
,,852,1.457,,
,,854,1.457,,
,,1117,1.457,,
,,1399,1.457,,
,,2,1.561,,
,,16,1.561,,
,,247,1.561,,
,,538,1.561,,
,,581,1.561,,
,,723,1.561,,
,,899,1.561,,
,,911,1.561,,
,,934,1.561,,
,,939,1.561,,
,,1311,1.561,,
,,1431,1.561,,
,,19,1.665,,
,,156,1.665,,
,,417,1.665,,
,,440,1.665,,
,,498,1.665,,
,,686,1.665,,
,,769,1.665,,
,,1090,1.665,,
,,1228,1.665,,
,,1322,1.665,,
,,1343,1.665,,
,,1439,1.665,,
,,144,1.769,,
,,435,1.769,,
,,584,1.769,,
,,938,1.769,,
,,1000,1.769,,
,,1035,1.769,,
,,1386,1.769,,
,,1391,1.769,,
,,33,1.873,,
,,656,1.873,,
,,698,1.873,,
,,752,1.873,,
,,1057,1.873,,
,,1085,1.873,,
,,1387,1.873,,
,,181,1.977,,
,,426,1.977,,
,,959,1.977,,
,,1029,1.977,,
,,1062,1.977,,
,,1099,1.977,,
,,123,2.081,,
,,332,2.081,,
,,428,2.081,,
,,541,2.081,,
,,648,2.081,,
,,782,2.081,,
,,1038,2.081,,
,,1098,2.081,,
,,1112,2.081,,
,,1360,2.081,,
,,1373,2.081,,
,,431,2.185,,
,,725,2.185,,
,,881,2.185,,
,,893,2.185,,
,,1198,2.185,,
,,41,2.289,,
,,226,2.289,,
,,236,2.289,,
,,740,2.289,,
,,1043,2.289,,
,,1069,2.289,,
,,1371,2.289,,
,,135,2.393,,
,,347,2.393,,
,,776,2.393,,
,,1133,2.393,,
,,1164,2.393,,
,,1376,2.393,,
,,7,2.497,,
,,80,2.497,,
,,127,2.497,,
,,591,2.497,,
,,714,2.497,,
,,1110,2.497,,
,,142,2.601,,
,,466,2.601,,
,,640,2.601,,
,,1093,2.601,,
,,1428,2.601,,
,,69,2.706,,
,,267,2.706,,
,,472,2.706,,
,,515,2.706,,
,,721,2.706,,
,,763,2.706,,
,,787,2.706,,
,,840,2.706,,
,,1202,2.706,,
,,252,2.81,,
,,535,2.81,,
,,627,2.81,,
,,684,2.81,,
,,28,2.914,,
,,262,2.914,,
,,544,2.914,,
,,711,2.914,,
,,729,2.914,,
,,757,2.914,,
,,1050,2.914,,
,,907,3.018,,
,,1412,3.018,,
,,379,3.122,,
,,610,3.122,,
,,1108,3.122,,
,,264,3.226,,
,,497,3.226,,
,,537,3.226,,
,,643,3.226,,
,,256,3.33,,
,,598,3.33,,
,,844,3.33,,
,,1241,3.33,,
,,229,3.434,,
,,265,3.434,,
,,512,3.434,,
,,772,3.434,,
,,1234,3.434,,
,,1370,3.434,,
,,434,3.538,,
,,575,3.538,,
,,631,3.538,,
,,1169,3.538,,
,,385,3.642,,
,,525,3.642,,
,,606,3.642,,
,,812,3.642,,
,,1196,3.642,,
,,1454,3.642,,
,,231,3.746,,
,,263,3.746,,
,,462,3.746,,
,,496,3.746,,
,,548,3.746,,
,,839,3.746,,
,,133,3.85,,
,,387,3.85,,
,,421,3.85,,
,,1106,3.954,,
,,1230,3.954,,
,,1417,3.954,,
,,23,4.058,,
,,58,4.058,,
,,488,4.058,,
,,624,4.058,,
,,900,4.058,,
,,1238,4.058,,
,,1308,4.058,,
,,108,4.162,,
,,253,4.162,,
,,1320,4.162,,
,,115,4.266,,
,,880,4.266,,
,,1369,4.266,,
,,86,4.37,,
,,559,4.37,,
,,671,4.37,,
,,14,4.475,,
,,394,4.475,,
,,963,4.475,,
,,125,4.579,,
,,473,4.579,,
,,480,4.579,,
,,1153,4.579,,
,,1421,4.579,,
,,530,4.683,,
,,48,4.787,,
,,1244,4.787,,
,,1416,4.787,,
,,74,4.891,,
,,493,4.891,,
,,841,4.891,,
,,754,4.995,,
,,917,4.995,,
,,948,4.995,,
,,1326,4.995,,
,,709,5.099,,
,,1231,5.099,,
,,483,5.203,,
,,522,5.203,,
,,1354,5.203,,
,,608,5.307,,
,,783,5.307,,
,,645,5.411,,
,,650,5.411,,
,,717,5.411,,
,,866,5.411,,
,,52,5.515,,
,,75,5.515,,
,,1152,5.515,,
,,1415,5.515,,
,,616,5.619,,
,,915,5.619,,
,,1115,5.619,,
,,1357,5.619,,
,,1388,5.619,,
,,949,5.827,,
,,971,5.827,,
,,448,5.931,,
,,547,5.931,,
,,1189,5.931,,
,,1420,5.931,,
,,102,6.035,,
,,250,6.035,,
,,1337,6.035,,
,,1409,6.035,,
,,278,6.139,,
,,954,6.139,,
,,170,6.243,,
,,1457,6.243,,
,,389,6.348,,
,,1177,6.348,,
,,27,6.452,,
,,93,6.452,,
,,800,6.452,,
,,1197,6.452,,
,,902,6.556,,
,,128,6.66,,
,,555,6.66,,
,,450,6.764,,
,,503,6.764,,
,,905,6.764,,
,,925,6.764,,
,,658,6.868,,
,,10,6.972,,
,,1120,6.972,,
,7,1,7.076,84887.311,84337.27
,,924,7.076,,
,,950,7.076,,
,,1236,7.076,,
,,474,7.284,,
,,1401,7.284,,
,,134,7.388,,
,,619,7.388,,
,,215,7.596,,
,,1220,7.7,,
,,1424,7.7,,
,,30,7.804,,
,,258,7.804,,
,,485,7.804,,
,,1402,7.804,,
,,973,7.908,,
,,50,8.012,,
,,1267,8.117,,
,,468,8.221,,
,,826,8.221,,
,,662,8.325,,
,,5,8.533,,
,,140,8.533,,
,,214,8.533,,
,,273,8.533,,
,,1221,8.533,,
,,224,8.637,,
,,57,8.741,,
,,585,8.741,,
,,592,8.845,,
,,912,9.053,,
,,1045,9.261,,
,,461,9.365,,
,,1331,9.469,,
,,444,9.781,,
,,1217,9.886,,
,,1460,9.886,,
,,259,9.99,,
,,694,9.99,,
,,1192,10.198,,
,,1249,10.198,,
,,1434,10.198,,
,,888,10.302,,
,,197,10.406,,
,,1073,10.51,,
,,42,10.614,,
,,476,10.614,,
,,727,10.614,,
,,1183,10.614,,
,,501,10.718,,
,,576,10.822,,
,,897,10.822,,
,,703,10.926,,
,,1002,11.134,,
,,1096,11.134,,
,,682,11.238,,
,,1304,11.238,,
,,454,11.446,,
,,557,11.446,,
,,1128,11.446,,
,,1119,11.655,,
,,566,11.863,,
,,12,11.967,,
,,1076,11.967,,
,,1074,12.175,,
,,1365,12.175,,
,,132,12.279,,
,,517,12.383,,
,,661,12.383,,
,,1079,12.383,,
,,147,12.487,,
,,1055,12.487,,
,,601,13.007,,
,,679,13.111,,
,,1210,13.111,,
,,926,13.319,,
,,602,13.424,,
,,842,13.632,,
,,1130,14.048,,
,,1070,14.256,,
,,1430,14.256,,
,,716,14.36,,
,,1377,14.568,,
,,554,14.672,,
,,1092,14.776,,
,,1378,14.776,,
,,997,15.088,,
,,1041,15.401,,
,,268,15.817,,
,,699,15.817,,
,,240,15.921,,
,,484,15.921,,
,,1102,15.921,,
,,1118,15.921,,
,,1176,16.129,,
,,573,16.233,,
,,667,16.233,,
,,1053,16.337,,
,,887,16.441,,
,,449,16.857,,
,,56,17.17,,
,,689,17.378,,
,,1109,17.482,,
,,257,17.586,,
,,670,17.794,,
,,807,18.106,,
,,1358,18.106,,
,,613,18.21,,
,,1411,18.21,,
,,21,18.522,,
,,1324,18.939,,
,,1243,19.043,,
,,797,19.147,,
,,1195,19.147,,
,,87,19.251,,
,,475,19.563,,
,,158,19.667,,
,,49,19.875,,
,,1309,20.499,,
,,607,20.916,,
,,243,21.02,,
,,629,21.124,,
,,507,21.54,,
,,589,21.54,,
,,523,21.748,,
,,639,22.06,,
,,126,22.164,,
,,1123,22.268,,
,,13,22.373,,
,,1436,22.477,,
,,858,22.789,,
,,1302,23.101,,
,,1122,23.413,,
,,20,24.35,,
,,120,24.558,,
,,1242,24.558,,
,,62,24.766,,
,,95,24.766,,
,,731,24.87,,
,,646,24.974,,
,,657,25.078,,
,,549,25.286,,
,,1048,25.286,,
,,459,25.598,,
,,935,25.806,,
,,1206,25.806,,
,,1418,25.806,,
,,505,26.119,,
,,611,26.223,,
,,1352,26.639,,
,,956,26.743,,
,,160,27.784,,
,,465,27.784,,
,,1289,28.512,,
,,453,28.928,,
,,63,29.136,,
,,452,29.344,,
,,26,29.761,,
,,753,29.761,,
,,737,29.969,,
,,15,30.073,,
,,1323,30.281,,
,,70,30.593,,
,,112,31.634,,
,,604,31.946,,
,,664,31.946,,
,,1271,32.05,,
,,1068,32.778,,
,,1001,33.091,,
,,663,33.403,,
,,1403,33.507,,
,,175,33.611,,
,,744,33.819,,
,,531,34.027,,
,,843,34.235,,
,,1088,34.235,,
,,987,34.443,,
,,778,34.547,,
,,569,34.651,,
,,67,35.38,,
,,669,35.588,,
,,8,35.692,,
,,848,35.796,,
,,849,35.796,,
,,1124,35.9,,
,,1179,36.108,,
,,615,37.045,,
,,1011,37.045,,
,,719,37.461,,
,,542,37.565,,
,,47,37.877,,
,,447,37.877,,
,,1207,37.877,,
,,289,38.502,,
,,713,38.71,,
,,53,39.854,,
,,244,40.166,,
,,621,40.166,,
,,638,40.687,,
,,560,41.103,,
,,76,41.519,,
,,355,41.727,,
,,1162,42.144,,
,,88,42.456,,
,,457,42.56,,
,,632,42.664,,
,,272,43.392,,
,,1126,43.913,,
,,1449,44.225,,
,,494,44.537,,
,,1443,45.369,,
,,1140,45.682,,
,,514,46.098,,
,,692,46.306,,
,,1127,46.306,,
,,467,46.826,,
,,511,47.034,,
,,1433,47.451,,
,,288,47.555,,
,,989,47.659,,
,,205,48.283,,
,,874,48.803,,
,,750,49.324,,
,,510,49.532,,
,,614,49.532,,
,,749,49.74,,
,,1253,49.74,,
,,1191,50.052,,
,,1452,50.052,,
,,1078,50.156,,
,,1201,50.78,,
,,794,51.301,,
,,9,51.821,,
,,636,54.006,,
,,586,54.214,,
,,609,55.463,,
,,77,58.481,,
,,1187,58.793,,
,,595,59.521,,
,,715,59.625,,
,,578,60.042,,
,,526,62.747,,
,,596,63.476,,
,,553,64.308,,
,,1071,65.973,,
,,1059,68.574,,
,,677,69.095,,
,,1214,69.407,,
,,432,70.447,,
,,227,71.488,,
,,1095,71.8,,
,,103,72.425,,
,,771,75.858,,
,,1435,76.483,,
,,51,77.836,,
,,479,77.836,,
,,755,79.501,,
,,54,79.813,,
,,242,80.749,,
,,972,81.478,,
,,59,81.686,,
,,766,83.351,,
,,857,87.097,,
,,492,93.132,,
,,582,97.607,,
,,726,102.289,,
,,1392,102.289,,
,,446,102.497,,
,,138,102.81,,
,,1205,102.914,,
,,43,104.058,,
,,1199,104.787,,
,,1218,105.307,,
,,32,107.908,,
,,471,108.325,,
,,1380,109.053,,
,,151,112.279,,
,,40,117.482,,
,,1427,118.106,,
,,254,124.246,,
,,759,125.806,,
,,622,126.951,,
,,1442,126.951,,
,,1407,129.553,,
,,730,133.715,,
,,152,134.027,,
,,284,134.027,,
,,1086,137.149,,
,,349,142.56,,
,,436,143.6,,
,,146,145.786,,
,,673,146.202,,
,,98,146.722,,
,,165,153.694,,
,,1362,155.775,,
,,675,161.29,,
,,1136,162.123,,
,,1345,167.846,,
,,1037,169.303,,
,,1040,180.541,,
,,60,181.894,,
,,623,190.323,,
,,1082,190.635,,
,,129,192.404,,
,,81,193.548,,
,,556,198.439,,
,,641,205.203,,
,,958,224.662,,
,,154,233.923,,
,,1064,238.293,,
,,870,240.583,,
,,1168,264.724,,
,,149,273.465,,
,,818,275.338,,
,,202,286.472,,
,,1458,299.896,,
,,516,333.195,,
,,1351,338.502,,
,,1121,382.622,,
,,976,383.559,,
,,4,400.937,,
,,157,459.313,,
,,1277,463.684,,
,,660,477.732,,
,,957,504.579,,
,,1310,533.715,,
,,705,734.027,,
,,104,862.955,,
,,159,1091.883,,
,,100,1349.116,,
,,871,1396.774,,
,,275,2098.959,,
,,1276,2318.626,,
,,1296,5147.763,,
,,1005,7803.642,,
,,967,11577.003,,
,,773,14003.434,,
,,1224,16245.994,,
